{"schemaVersion":"1.0","appDefinitionTemplate":{"id":"/providers/Microsoft.PowerApps/apps/","type":"Microsoft.PowerApps/apps","tags":{"primaryDeviceWidth":"1366","primaryDeviceHeight":"768","sienaVersion":"20200801T163334Z-3.20073.20.0","deviceCapabilities":"","supportsPortrait":"false","supportsLandscape":"true","primaryFormFactor":"Tablet","publisherVersion":"3.20073.20","minimumRequiredApiVersion":"2.2.0","hasComponent":"false","hasUnlockedComponent":"false","isUnifiedRootApp":"false"},"properties":{"appVersion":"2020-08-01T16:33:34Z","lifeCycleId":"Published","createdByClientVersion":{"major":3,"minor":20073,"build":20,"revision":0,"majorRevision":0,"minorRevision":0},"minClientVersion":{"major":3,"minor":20073,"build":20,"revision":0,"majorRevision":0,"minorRevision":0},"backgroundColor":"rgba(0, 176, 240, 1)","backgroundImageUri":"/15656437358641445401/Nced3a58b-22fd-4065-9160-e3e41626312f-logoSmallFile","displayName":"Travel Request Demo App","description":"","commitMessage":"","appUris":{"documentUri":{"value":"/15656437358641445401/Nb9cab7f8-4330-4f59-b014-960ef9dcc26f-document.msapp","readonlyValue":"/15656437358641445401/Nb9cab7f8-4330-4f59-b014-960ef9dcc26f-document.msapp"},"imageUris":[]},"createdTime":"0001-01-01T00:00:00Z","lastModifiedTime":"0001-01-01T00:00:00Z","sharedGroupsCount":0,"sharedUsersCount":0,"icons":{"smallIconUri":"/15656437358641445401/N728fb958-6445-480b-a81d-26e5311e2598-small.png","mediumIconUri":"/15656437358641445401/N9251e430-60c7-4107-a636-14bc2f90b225-medium.png","largeIconUri":"/15656437358641445401/Na557b634-3149-4ba5-a9fe-500087ec33f9-large.png","wideIconUri":"/15656437358641445401/N883da9a7-2a8c-4d26-a49b-a0afdebfe4d1-wide.png"},"connectionReferences":{"9ca39eca-848d-4bf7-96dd-ed5bc42f54d1":{"id":"6d164d44-b699-4fba-b619-6c920f82ae58","displayName":"Microsoft 365 Users","iconUri":"https://connectoricons-prod.azureedge.net/releases/v1.0.1373/1.0.1373.2081/office365users/icon.png","dataSources":["Microsoft365Users"],"dependencies":[],"dependents":[],"parameterHints":{},"isOnPremiseConnection":false,"bypassConsent":false,"dataSets":{},"apiTier":"Standard","isCustomApiConnection":false},"937c665d-d122-449e-9337-3cf5cabfa32f":{"id":"a305befe-aeb7-47a6-a891-331711b02cde","displayName":"Microsoft 365 Outlook","iconUri":"https://connectoricons-prod.azureedge.net/releases/v1.0.1373/1.0.1373.2081/office365/icon.png","dataSources":["Microsoft365Outlook"],"dependencies":[],"dependents":[],"parameterHints":{},"isOnPremiseConnection":false,"bypassConsent":false,"dataSets":{},"apiTier":"Standard","isCustomApiConnection":false},"497e6ff3-1717-4710-84c3-138261f191d3":{"id":"648b2fbd-f417-454e-81f3-b43719878166","displayName":"SharePoint","iconUri":"https://connectoricons-prod.azureedge.net/releases/v1.0.1371/1.0.1371.2074/sharepointonline/icon.png","dataSources":["Travel Request","Travel Request Approver Details"],"dependencies":[],"dependents":[],"parameterHints":{},"isOnPremiseConnection":false,"bypassConsent":false,"dataSets":{"https://2000pk.sharepoint.com/sites/MyProductionSite":{"dataSources":{"Travel Request":{"tableName":"ee86ba9b-f2fd-472e-903e-befe1e9289db"},"Travel Request Approver Details":{"tableName":"53e40338-d4f0-4368-8ab0-4d3539768ca3"}}}},"apiTier":"Standard","isCustomApiConnection":false}},"databaseReferences":{},"almMode":"Environment","performanceOptimizationEnabled":true,"canConsumeAppPass":true},"isAppComponentLibrary":false,"appType":"ClassicCanvasApp","appComponents":[]}}